---------------------------------------------------------   SEASON 1
INSERT INTO SEASONS(TV_CHANEL, YEAR, EPISODES, START_DATE, FINAL_DATE, AWARD, WINNER_ID)
VALUES ('NOVA TV', 2013, 12, '2013-03-13', '2013-06-05', 'car', 6);
--Episodes in Season 1
INSERT INTO EPISODES(EPISODE_ID, SEASON_ID)
VALUES (1, 1);
INSERT INTO EPISODES(EPISODE_ID, SEASON_ID)
VALUES (2, 1);
INSERT INTO EPISODES(EPISODE_ID, SEASON_ID)
VALUES (3, 1);
INSERT INTO EPISODES(EPISODE_ID, SEASON_ID)
VALUES (4, 1);
INSERT INTO EPISODES(EPISODE_ID, SEASON_ID)
VALUES (5, 1);
INSERT INTO EPISODES(EPISODE_ID, SEASON_ID)
VALUES (6, 1);
INSERT INTO EPISODES(EPISODE_ID, SEASON_ID)
VALUES (7, 1);
INSERT INTO EPISODES(EPISODE_ID, SEASON_ID)
VALUES (8, 1);
INSERT INTO EPISODES(EPISODE_ID, SEASON_ID)
VALUES (9, 1);
INSERT INTO EPISODES(EPISODE_ID, SEASON_ID)
VALUES (10, 1);
INSERT INTO EPISODES(EPISODE_ID, SEASON_ID)
VALUES (11, 1);
INSERT INTO EPISODES(EPISODE_ID, SEASON_ID)
VALUES (12, 1);

CREATE TABLE PEOPLE
(
    PERSON_ID INT         NOT NULL GENERATED ALWAYS AS IDENTITY (START WITH 1, INCREMENT BY 1),
    NAME      VARCHAR(64) NOT NULL,
    NICKNAME  VARCHAR(32),
    GENDER    CHAR(3),
    AGE       INT,
    JOB       VARCHAR(32),

-- PRIMARY KEY IS PERSON_ID
    CONSTRAINT PK_PEOPLE_ID PRIMARY KEY (PERSON_ID),

-- CHECKS OF GENDER AND AGES
    CHECK (GENDER IN ('M', 'F')),
    CHECK (AGE > 18)
);

--Participants in season 1
INSERT INTO PEOPLE(NAME, NICKNAME, GENDER, AGE, JOB)
VALUES ('Albena Mihova  ', null, 'F', 45, 'actress');

INSERT INTO PEOPLE(NAME, NICKNAME, GENDER, AGE, JOB)
VALUES ('Alexei Kozhuharov ', null, 'M', 45, 'actor');

INSERT INTO PEOPLE(NAME, NICKNAME, GENDER, AGE, JOB)
VALUES ('Diana Lybenova', null, 'M  ', 47, 'actress & TV host');

INSERT INTO PEOPLE(NAME, NICKNAME, GENDER, AGE, JOB)
VALUES ('Maria Ignatova ', null, 'F', 40, 'actress');

--MILICA GLADNISHKA ALREADY IN

INSERT INTO PEOPLE(NAME, NICKNAME, GENDER, AGE, JOB)
VALUES ('Raffy Bohosiya  ', null, 'M', 27, 'singer');

INSERT INTO PEOPLE(NAME, NICKNAME, GENDER, AGE, JOB)
VALUES ('Staminir Gamov ', null, 'M', 45, 'actor');

INSERT INTO PEOPLE(NAME, NICKNAME, GENDER, AGE, JOB)
VALUES ('Stefan Ryadkov', null, 'M', 45, 'actor');


--adding people in participants
INSERT INTO PARTICIPANTS(PARTICIPANT_ID, SUM_POINTS)
VALUES (1, 76);
INSERT INTO PARTICIPANTS(PARTICIPANT_ID, SUM_POINTS)
VALUES (2, 55);
INSERT INTO PARTICIPANTS(PARTICIPANT_ID, SUM_POINTS)
VALUES (3, 74);
INSERT INTO PARTICIPANTS(PARTICIPANT_ID, SUM_POINTS)
VALUES (4, 51);
INSERT INTO PARTICIPANTS(PARTICIPANT_ID, SUM_POINTS)
VALUES (5, 67);
INSERT INTO PARTICIPANTS(PARTICIPANT_ID, SUM_POINTS)
VALUES (6, 89);
INSERT INTO PARTICIPANTS(PARTICIPANT_ID, SUM_POINTS)
VALUES (7, 91);
INSERT INTO PARTICIPANTS(PARTICIPANT_ID, SUM_POINTS)
VALUES (8, 69);

---------------------------------------------------------   SEASON 2

INSERT INTO SEASONS(TV_CHANEL, YEAR, EPISODES, START_DATE, FINAL_DATE, AWARD, WINNER_ID)
VALUES ('NOVA TV', 2014, 13, '2014-03-10', '2014-06-09', 'car', 9);

-- Episodes in season 2
INSERT INTO EPISODES(EPISODE_ID, SEASON_ID)
VALUES (1, 2);
INSERT INTO EPISODES(EPISODE_ID, SEASON_ID)
VALUES (2, 2);
INSERT INTO EPISODES(EPISODE_ID, SEASON_ID)
VALUES (3, 2);
INSERT INTO EPISODES(EPISODE_ID, SEASON_ID)
VALUES (4, 2);
INSERT INTO EPISODES(EPISODE_ID, SEASON_ID)
VALUES (5, 2);
INSERT INTO EPISODES(EPISODE_ID, SEASON_ID)
VALUES (6, 2);
INSERT INTO EPISODES(EPISODE_ID, SEASON_ID)
VALUES (7, 2);
INSERT INTO EPISODES(EPISODE_ID, SEASON_ID)
VALUES (8, 2);
INSERT INTO EPISODES(EPISODE_ID, SEASON_ID)
VALUES (9, 2);
INSERT INTO EPISODES(EPISODE_ID, SEASON_ID)
VALUES (10, 2);
INSERT INTO EPISODES(EPISODE_ID, SEASON_ID)
VALUES (11, 2);
INSERT INTO EPISODES(EPISODE_ID, SEASON_ID)
VALUES (12, 2);
INSERT INTO EPISODES(EPISODE_ID, SEASON_ID)
VALUES (13, 2);

--Participants SEASON 2
INSERT INTO PEOPLE(NAME, NICKNAME, GENDER, AGE, JOB)
VALUES ('Nevena Bozukova', 'Neve', 'F', 47, 'actress');

INSERT INTO PEOPLE(NAME, NICKNAME, GENDER, AGE, JOB)
VALUES ('Deyan Donkov', null, 'M', 45, 'actor');

INSERT INTO PEOPLE(NAME, NICKNAME, GENDER, AGE, JOB)
VALUES ('Ivo Tanev', null, 'M', 53, 'showman');

INSERT INTO PEOPLE(NAME, NICKNAME, GENDER, AGE, JOB)
VALUES ('Krastio Vapcarov', 'Kuci', 'M', 56, 'TV host');

INSERT INTO PEOPLE(NAME, NICKNAME, GENDER, AGE, JOB)
VALUES ('Maya Bezhanska', null, 'F', 47, 'actress');

INSERT INTO PEOPLE(NAME, NICKNAME, GENDER, AGE, JOB)
VALUES ('Antoinette Dobreva', 'Netty', 'F', 44, 'singer');

INSERT INTO PEOPLE(NAME, NICKNAME, GENDER, AGE, JOB)
VALUES ('Pavel Vladimirov', null, 'M', 40, 'TV host');

INSERT INTO PEOPLE(NAME, NICKNAME, GENDER, AGE, JOB)
VALUES ('Staphanie Koleva', null, 'F', 46, 'actress');

--adding in table participants
INSERT INTO PARTICIPANTS(PARTICIPANT_ID, SUM_POINTS)
VALUES (9, 83);
INSERT INTO PARTICIPANTS(PARTICIPANT_ID, SUM_POINTS)
VALUES (10, 62);
INSERT INTO PARTICIPANTS(PARTICIPANT_ID, SUM_POINTS)
VALUES (11, 76);
INSERT INTO PARTICIPANTS(PARTICIPANT_ID, SUM_POINTS)
VALUES (12, 87);
INSERT INTO PARTICIPANTS(PARTICIPANT_ID, SUM_POINTS)
VALUES (13, 68);
INSERT INTO PARTICIPANTS(PARTICIPANT_ID, SUM_POINTS)
VALUES (14, 101);
INSERT INTO PARTICIPANTS(PARTICIPANT_ID, SUM_POINTS)
VALUES (15, 68);
INSERT INTO PARTICIPANTS(PARTICIPANT_ID, SUM_POINTS)
VALUES (16, 79);


CREATE TABLE SEASONS
(
    SEASON_ID  INT         NOT NULL GENERATED ALWAYS AS IDENTITY (START WITH 1, INCREMENT BY 1),
    TV_CHANEL  VARCHAR(30) NOT NULL,
    YEAR       INT         NOT NULL,
    EPISODES   INT         NOT NULL,
    START_DATE DATE        NOT NULL,
    FINAL_DATE DATE        NOT NULL,
    AWARD      VARCHAR(32) NOT NULL,
    WINNER_ID  INT         NOT NULL,

    CONSTRAINT PK_SEASON_ID PRIMARY KEY (SEASON_ID),

    FOREIGN KEY (WINNER_ID)
        REFERENCES PARTICIPANTS (PARTICIPANT_ID),

    CHECK (YEAR >= 2013),
    CHECK ( EPISODES >= 12 ),
    CHECK ( FINAL_DATE > START_DATE )
);
CREATE TABLE GENERATED_IMPRESSION
(
    SINGER_NAME    VARCHAR(64) NOT NULL,
    SONS_NAME      VARCHAR(64) NOT NULL,

    PARTICIPANT_ID INT         NOT NULL,
    EPISODE_ID     INT         NOT NULL,
    SEASON_ID      INT         NOT NULL,

--THERE ARE TWO FOREIGN KEYS
    FOREIGN KEY (PARTICIPANT_ID)
        REFERENCES PARTICIPANTS (PARTICIPANT_ID),

    FOREIGN KEY (EPISODE_ID, SEASON_ID)
        REFERENCES EPISODES (EPISODE_ID, SEASON_ID)
);
-- IS_RATED_IN(PARTICIPANT_IN,EPISODE_ID,SEASON_ID,POINTS)
CREATE TABLE RATED_IN
(
    PARTICIPANT_ID INT NOT NULL,
    EPISODE_ID     INT NOT NULL,
    SEASON_ID      INT NOT NULL,
    POINTS         INT NOT NULL,

-- THERE ARE TWO FOREIGN KEYS
    FOREIGN KEY (PARTICIPANT_ID)
        REFERENCES PARTICIPANTS (PARTICIPANT_ID),

    FOREIGN KEY (EPISODE_ID, SEASON_ID)
        REFERENCES EPISODES (EPISODE_ID, SEASON_ID),

-- A PARTICIPANT CANT HAVE LESS THAN 3 AND MORE THAN 11
    CHECK (POINTS >= 3 AND POINTS <= 11)
);



---------------------------------------------------------   SEASON 3

INSERT INTO SEASONS(TV_CHANEL, YEAR, EPISODES, START_DATE, FINAL_DATE, AWARD, WINNER_ID)
VALUES ('NOVA TV', 2015, 13, '2015-03-03', '2015-05-25', 'car', 22);

-- Episodes in Season 3
INSERT INTO EPISODES(EPISODE_ID, SEASON_ID)
VALUES (1, 3);
INSERT INTO EPISODES(EPISODE_ID, SEASON_ID)
VALUES (2, 3);
INSERT INTO EPISODES(EPISODE_ID, SEASON_ID)
VALUES (3, 3);
INSERT INTO EPISODES(EPISODE_ID, SEASON_ID)
VALUES (4, 3);
INSERT INTO EPISODES(EPISODE_ID, SEASON_ID)
VALUES (5, 3);
INSERT INTO EPISODES(EPISODE_ID, SEASON_ID)
VALUES (6, 3);
INSERT INTO EPISODES(EPISODE_ID, SEASON_ID)
VALUES (7, 3);
INSERT INTO EPISODES(EPISODE_ID, SEASON_ID)
VALUES (8, 3);
INSERT INTO EPISODES(EPISODE_ID, SEASON_ID)
VALUES (9, 3);
INSERT INTO EPISODES(EPISODE_ID, SEASON_ID)
VALUES (10, 3);
INSERT INTO EPISODES(EPISODE_ID, SEASON_ID)
VALUES (11, 3);
INSERT INTO EPISODES(EPISODE_ID, SEASON_ID)
VALUES (12, 3);
INSERT INTO EPISODES(EPISODE_ID, SEASON_ID)
VALUES (13, 3);

--Participants SEASON 3
INSERT INTO PEOPLE(NAME, NICKNAME, GENDER, AGE, JOB)
VALUES ('Vasil Boyanov', 'Azis', 'M', 42, 'singer');

INSERT INTO PEOPLE(NAME, NICKNAME, GENDER, AGE, JOB)
VALUES ('Delyana Marinova', null, 'F', 40, 'TV co-host');

INSERT INTO PEOPLE(NAME, NICKNAME, GENDER, AGE, JOB)
VALUES ('Zhana Bergendorf', null, 'F', 43, 'singer');

INSERT INTO PEOPLE(NAME, NICKNAME, GENDER, AGE, JOB)
VALUES ('Kristiyan Talev', 'Krisko', 'M', 31, 'singer');

INSERT INTO PEOPLE(NAME, NICKNAME, GENDER, AGE, JOB)
VALUES ('Milena Markova', 'Maca', 'F', 43, 'actress');

INSERT INTO PEOPLE(NAME, NICKNAME, GENDER, AGE, JOB)
VALUES ('Nencho Balabanov', null, 'M', 40, 'actor');

INSERT INTO PEOPLE(NAME, NICKNAME, GENDER, AGE, JOB)
VALUES ('Nona Yotova ', null, 'F', 53, 'actress');

INSERT INTO PEOPLE(NAME, NICKNAME, GENDER, AGE, JOB)
VALUES ('Philip Avramov ', 'Phica', 'M', 45, 'actor');

--adding in table participants
INSERT INTO PARTICIPANTS(PARTICIPANT_ID, SUM_POINTS)
VALUES (17, 90);
INSERT INTO PARTICIPANTS(PARTICIPANT_ID, SUM_POINTS)
VALUES (18, 44);
INSERT INTO PARTICIPANTS(PARTICIPANT_ID, SUM_POINTS)
VALUES (19, 72);
INSERT INTO PARTICIPANTS(PARTICIPANT_ID, SUM_POINTS)
VALUES (20, 80);
INSERT INTO PARTICIPANTS(PARTICIPANT_ID, SUM_POINTS)
VALUES (21, 61);
INSERT INTO PARTICIPANTS(PARTICIPANT_ID, SUM_POINTS)
VALUES (22, 96);
INSERT INTO PARTICIPANTS(PARTICIPANT_ID, SUM_POINTS)
VALUES (23, 45);
INSERT INTO PARTICIPANTS(PARTICIPANT_ID, SUM_POINTS)
VALUES (24, 84);

---------------------------------------------------------   SEASON 4
INSERT INTO SEASONS(TV_CHANEL, YEAR, EPISODES, START_DATE, FINAL_DATE, AWARD, WINNER_ID)
VALUES ('NOVA TV', 2016, 13, '2016-03-03', '2016-05-30', 'car', 28);

--Episodes in Season 4
INSERT INTO EPISODES(EPISODE_ID, SEASON_ID)
VALUES (1, 4);
INSERT INTO EPISODES(EPISODE_ID, SEASON_ID)
VALUES (2, 4);
INSERT INTO EPISODES(EPISODE_ID, SEASON_ID)
VALUES (3, 4);
INSERT INTO EPISODES(EPISODE_ID, SEASON_ID)
VALUES (4, 4);
INSERT INTO EPISODES(EPISODE_ID, SEASON_ID)
VALUES (5, 4);
INSERT INTO EPISODES(EPISODE_ID, SEASON_ID)
VALUES (6, 4);
INSERT INTO EPISODES(EPISODE_ID, SEASON_ID)
VALUES (7, 4);
INSERT INTO EPISODES(EPISODE_ID, SEASON_ID)
VALUES (8, 4);
INSERT INTO EPISODES(EPISODE_ID, SEASON_ID)
VALUES (9, 4);
INSERT INTO EPISODES(EPISODE_ID, SEASON_ID)
VALUES (10, 4);
INSERT INTO EPISODES(EPISODE_ID, SEASON_ID)
VALUES (11, 4);
INSERT INTO EPISODES(EPISODE_ID, SEASON_ID)
VALUES (12, 4);
INSERT INTO EPISODES(EPISODE_ID, SEASON_ID)
VALUES (13, 4);

--Participants SEASON 4
-- George Nizamov already in
INSERT INTO PEOPLE(NAME, NICKNAME, GENDER, AGE, JOB)
VALUES ('Svetozar Hristov ', null, 'M', 42, 'singer');

INSERT INTO PEOPLE(NAME, NICKNAME, GENDER, AGE, JOB)
VALUES ('Gerasim Georgiev ', 'Gero', 'M', 45, 'actor');

INSERT INTO PEOPLE(NAME, NICKNAME, GENDER, AGE, JOB)
VALUES ('Julia Bocheva  ', null, 'F', 27, 'actress & singer');

INSERT INTO PEOPLE(NAME, NICKNAME, GENDER, AGE, JOB)
VALUES ('Kalin Vrachanski', null, 'M', 38, 'actor');

INSERT INTO PEOPLE(NAME, NICKNAME, GENDER, AGE, JOB)
VALUES ('Orlin Pavlov ', null, 'M', 41, 'singer');

INSERT INTO PEOPLE(NAME, NICKNAME, GENDER, AGE, JOB)
VALUES ('Polly Genova', null, 'F', 33, 'singer');

INSERT INTO PEOPLE(NAME, NICKNAME, GENDER, AGE, JOB)
VALUES ('Petya Ivanova ', 'Preslava', 'F', 35, 'singer');

INSERT INTO PEOPLE(NAME, NICKNAME, GENDER, AGE, JOB)
VALUES ('Preyah Ossasei ', null, 'F', 25, 'singer');

--adding in table participants
INSERT INTO PARTICIPANTS(PARTICIPANT_ID, SUM_POINTS)
VALUES (25, 84);
INSERT INTO PARTICIPANTS(PARTICIPANT_ID, SUM_POINTS)
VALUES (26, 52);
INSERT INTO PARTICIPANTS(PARTICIPANT_ID, SUM_POINTS)
VALUES (27, 63);
INSERT INTO PARTICIPANTS(PARTICIPANT_ID, SUM_POINTS)
VALUES (28, 88);
INSERT INTO PARTICIPANTS(PARTICIPANT_ID, SUM_POINTS)
VALUES (29, 76);
INSERT INTO PARTICIPANTS(PARTICIPANT_ID, SUM_POINTS)
VALUES (30, 87);
INSERT INTO PARTICIPANTS(PARTICIPANT_ID, SUM_POINTS)
VALUES (31, 70);
INSERT INTO PARTICIPANTS(PARTICIPANT_ID, SUM_POINTS)
VALUES (32, 52);

---------------------------------------------------------   SEASON 5

INSERT INTO SEASONS(TV_CHANEL, YEAR, EPISODES, START_DATE, FINAL_DATE, AWARD, WINNER_ID)
VALUES ('NOVA TV', 2017, 13, '2017-03-27', '2017-05-29', 'car', 39);
INSERT INTO EPISODES(EPISODE_ID, SEASON_ID)
VALUES (1, 5);
INSERT INTO EPISODES(EPISODE_ID, SEASON_ID)
VALUES (2, 5);
INSERT INTO EPISODES(EPISODE_ID, SEASON_ID)
VALUES (3, 5);
INSERT INTO EPISODES(EPISODE_ID, SEASON_ID)
VALUES (4, 5);
INSERT INTO EPISODES(EPISODE_ID, SEASON_ID)
VALUES (5, 5);
INSERT INTO EPISODES(EPISODE_ID, SEASON_ID)
VALUES (6, 5);
INSERT INTO EPISODES(EPISODE_ID, SEASON_ID)
VALUES (7, 5);
INSERT INTO EPISODES(EPISODE_ID, SEASON_ID)
VALUES (8, 5);
INSERT INTO EPISODES(EPISODE_ID, SEASON_ID)
VALUES (9, 5);
INSERT INTO EPISODES(EPISODE_ID, SEASON_ID)
VALUES (10, 5);
INSERT INTO EPISODES(EPISODE_ID, SEASON_ID)
VALUES (11, 5);
INSERT INTO EPISODES(EPISODE_ID, SEASON_ID)
VALUES (12, 5);
INSERT INTO EPISODES(EPISODE_ID, SEASON_ID)
VALUES (13, 5);

--Participants SEASON 5
INSERT INTO PEOPLE(NAME, NICKNAME, GENDER, AGE, JOB)
VALUES ('Bashar Rahal', 'Basho', 'M', 45, 'actor');

INSERT INTO PEOPLE(NAME, NICKNAME, GENDER, AGE, JOB)
VALUES ('Vania Djaferovic', null, 'M', 37, 'footballer');

INSERT INTO PEOPLE(NAME, NICKNAME, GENDER, AGE, JOB)
VALUES ('Desislava Doneva', 'Desi Slava', 'F', 41, 'singer');

INSERT INTO PEOPLE(NAME, NICKNAME, GENDER, AGE, JOB)
VALUES ('Kostadin Georgiev', 'Koceto Kalki', 'M', 57, 'singer');

INSERT INTO PEOPLE(NAME, NICKNAME, GENDER, AGE, JOB)
VALUES ('Lydmila Dyakovska', 'Lussy', 'F', 44, 'singer');

INSERT INTO PEOPLE(NAME, NICKNAME, GENDER, AGE, JOB)
VALUES ('Miroslav Kostadinov ', 'Miro', 'M', 44, 'singer');

INSERT INTO PEOPLE(NAME, NICKNAME, GENDER, AGE, JOB)
VALUES ('Mihaela Marinova', 'Mishe', 'F', 21, 'singer');

INSERT INTO PEOPLE(NAME, NICKNAME, GENDER, AGE, JOB)
VALUES ('Sophie Djamandjieva', null, 'F', 29, 'actress');

--adding people in participants
INSERT INTO PARTICIPANTS(PARTICIPANT_ID, SUM_POINTS)
VALUES (33, 63);
INSERT INTO PARTICIPANTS(PARTICIPANT_ID, SUM_POINTS)
VALUES (34, 81);
INSERT INTO PARTICIPANTS(PARTICIPANT_ID, SUM_POINTS)
VALUES (35, 88);
INSERT INTO PARTICIPANTS(PARTICIPANT_ID, SUM_POINTS)
VALUES (36, 55);
INSERT INTO PARTICIPANTS(PARTICIPANT_ID, SUM_POINTS)
VALUES (37, 91);
INSERT INTO PARTICIPANTS(PARTICIPANT_ID, SUM_POINTS)
VALUES (38, 83);
INSERT INTO PARTICIPANTS(PARTICIPANT_ID, SUM_POINTS)
VALUES (39, 92);
INSERT INTO PARTICIPANTS(PARTICIPANT_ID, SUM_POINTS)
VALUES (40, 71);

---------------------------------------------------------   SEASON 6

INSERT INTO SEASONS(TV_CHANEL, YEAR, EPISODES, START_DATE, FINAL_DATE, AWARD, WINNER_ID)
VALUES ('NOVA TV', 2018, 13, '2018-02-26', '2018-05-28', 'car', 47);

INSERT INTO EPISODES(EPISODE_ID, SEASON_ID)
VALUES (1, 6);
INSERT INTO EPISODES(EPISODE_ID, SEASON_ID)
VALUES (2, 6);
INSERT INTO EPISODES(EPISODE_ID, SEASON_ID)
VALUES (3, 6);
INSERT INTO EPISODES(EPISODE_ID, SEASON_ID)
VALUES (4, 6);
INSERT INTO EPISODES(EPISODE_ID, SEASON_ID)
VALUES (5, 6);
INSERT INTO EPISODES(EPISODE_ID, SEASON_ID)
VALUES (6, 6);
INSERT INTO EPISODES(EPISODE_ID, SEASON_ID)
VALUES (7, 6);
INSERT INTO EPISODES(EPISODE_ID, SEASON_ID)
VALUES (8, 6);
INSERT INTO EPISODES(EPISODE_ID, SEASON_ID)
VALUES (9, 6);
INSERT INTO EPISODES(EPISODE_ID, SEASON_ID)
VALUES (10, 6);
INSERT INTO EPISODES(EPISODE_ID, SEASON_ID)
VALUES (11, 6);
INSERT INTO EPISODES(EPISODE_ID, SEASON_ID)
VALUES (12, 6);
INSERT INTO EPISODES(EPISODE_ID, SEASON_ID)
VALUES (13, 6);

--Participants SEASON 6
INSERT INTO PEOPLE(NAME, NICKNAME, GENDER, AGE, JOB)
VALUES ('Borislav Zahariev', 'Bobby the Turbo', 'M', 39, 'actor');

INSERT INTO PEOPLE(NAME, NICKNAME, GENDER, AGE, JOB)
VALUES ('Gery-Nikol Georgieva', null, 'F', 21, 'singer');

INSERT INTO PEOPLE(NAME, NICKNAME, GENDER, AGE, JOB)
VALUES ('Zlatka Raikova', null, 'F', 34, 'playmate & influencer');

INSERT INTO PEOPLE(NAME, NICKNAME, GENDER, AGE, JOB)
VALUES ('Ivan Jurukov', null, 'M', 41, 'actor');

INSERT INTO PEOPLE(NAME, NICKNAME, GENDER, AGE, JOB)
VALUES ('Konstantin Slavchev', null, 'M', 43, 'singer');

INSERT INTO PEOPLE(NAME, NICKNAME, GENDER, AGE, JOB)
VALUES ('Margarita Hranova', 'Magi', 'F', 68, 'singer');

INSERT INTO PEOPLE(NAME, NICKNAME, GENDER, AGE, JOB)
VALUES ('Slavin Slavchev', null, 'M', 29, 'singer');

INSERT INTO PEOPLE(NAME, NICKNAME, GENDER, AGE, JOB)
VALUES ('Sophia Kamenova', 'Sophi Marinova', 'F', 44, 'singer');

--adding people in participants
INSERT INTO PARTICIPANTS(PARTICIPANT_ID, SUM_POINTS)
VALUES (41, 71);
INSERT INTO PARTICIPANTS(PARTICIPANT_ID, SUM_POINTS)
VALUES (42, 79);
INSERT INTO PARTICIPANTS(PARTICIPANT_ID, SUM_POINTS)
VALUES (43, 67);
INSERT INTO PARTICIPANTS(PARTICIPANT_ID, SUM_POINTS)
VALUES (44, 82);
INSERT INTO PARTICIPANTS(PARTICIPANT_ID, SUM_POINTS)
VALUES (45, 97);
INSERT INTO PARTICIPANTS(PARTICIPANT_ID, SUM_POINTS)
VALUES (46, 67);
INSERT INTO PARTICIPANTS(PARTICIPANT_ID, SUM_POINTS)
VALUES (47, 86);
INSERT INTO PARTICIPANTS(PARTICIPANT_ID, SUM_POINTS)
VALUES (48, 76);


---------------------------------------------------------   SEASON 7

INSERT INTO SEASONS(TV_CHANEL, YEAR, EPISODES, START_DATE, FINAL_DATE, AWARD, WINNER_ID)
VALUES ('NOVA TV', 2019, 13, '2019-02-25', '2019-05-27', 'car', 55);
--Episodes in season 7
INSERT INTO EPISODES(EPISODE_ID, SEASON_ID)
VALUES (1, 7);
INSERT INTO EPISODES(EPISODE_ID, SEASON_ID)
VALUES (2, 7);
INSERT INTO EPISODES(EPISODE_ID, SEASON_ID)
VALUES (3, 7);
INSERT INTO EPISODES(EPISODE_ID, SEASON_ID)
VALUES (4, 7);
INSERT INTO EPISODES(EPISODE_ID, SEASON_ID)
VALUES (5, 7);
INSERT INTO EPISODES(EPISODE_ID, SEASON_ID)
VALUES (6, 7);
INSERT INTO EPISODES(EPISODE_ID, SEASON_ID)
VALUES (7, 7);
INSERT INTO EPISODES(EPISODE_ID, SEASON_ID)
VALUES (8, 7);
INSERT INTO EPISODES(EPISODE_ID, SEASON_ID)
VALUES (9, 7);
INSERT INTO EPISODES(EPISODE_ID, SEASON_ID)
VALUES (10, 7);
INSERT INTO EPISODES(EPISODE_ID, SEASON_ID)
VALUES (11, 7);
INSERT INTO EPISODES(EPISODE_ID, SEASON_ID)
VALUES (12, 7);
INSERT INTO EPISODES(EPISODE_ID, SEASON_ID)
VALUES (13, 7);

--Participants SEASON 7
INSERT INTO PEOPLE(NAME, NICKNAME, GENDER, AGE, JOB)
VALUES ('Desislava Dobreva', 'Dessy', 'F', 39, 'singer');

INSERT INTO PEOPLE(NAME, NICKNAME, GENDER, AGE, JOB)
VALUES ('Dicho Hristov', null, 'M', 46, 'singer');

INSERT INTO PEOPLE(NAME, NICKNAME, GENDER, AGE, JOB)
VALUES ('Konstantin Trendafilov', 'Pappy Hans', 'M', 27, 'writer');

INSERT INTO PEOPLE(NAME, NICKNAME, GENDER, AGE, JOB)
VALUES ('Maria Ilieva', null, 'F', 42, 'singer');

INSERT INTO PEOPLE(NAME, NICKNAME, GENDER, AGE, JOB)
VALUES ('Milko Kalaidziev', null, 'M', 68, 'singer');

INSERT INTO PEOPLE(NAME, NICKNAME, GENDER, AGE, JOB)
VALUES ('Petya Bouiklieva', null, 'F', 60, 'singer');

INSERT INTO PEOPLE(NAME, NICKNAME, GENDER, AGE, JOB)
VALUES ('Stephan Ilchev', null, 'M', 38, 'singer');

INSERT INTO PEOPLE(NAME, NICKNAME, GENDER, AGE, JOB)
VALUES ('Hristiana Hristova', 'Titta', 'F', 20, 'singer');

--adding people in participants
INSERT INTO PARTICIPANTS(PARTICIPANT_ID, SUM_POINTS)
VALUES (49, 77);
INSERT INTO PARTICIPANTS(PARTICIPANT_ID, SUM_POINTS)
VALUES (50, 66);
INSERT INTO PARTICIPANTS(PARTICIPANT_ID, SUM_POINTS)
VALUES (51, 72);
INSERT INTO PARTICIPANTS(PARTICIPANT_ID, SUM_POINTS)
VALUES (52, 83);
INSERT INTO PARTICIPANTS(PARTICIPANT_ID, SUM_POINTS)
VALUES (53, 79);
INSERT INTO PARTICIPANTS(PARTICIPANT_ID, SUM_POINTS)
VALUES (54, 64);
INSERT INTO PARTICIPANTS(PARTICIPANT_ID, SUM_POINTS)
VALUES (55, 97);
INSERT INTO PARTICIPANTS(PARTICIPANT_ID, SUM_POINTS)
VALUES (56, 86);

DELETE FROM STAFF WHERE STAFF_ID = 38 OR STAFF_ID = 29;


CREATE TABLE JUDGES
(
    JUDGE_ID INT NOT NULL REFERENCES PEOPLE (PERSON_ID),

-- PRIMARY KEY IS JUDGE_ID, WHICH REFERENCES TO PEOPLE
    PRIMARY KEY (JUDGE_ID),
    FOREIGN KEY (JUDGE_ID)
        REFERENCES PEOPLE (PERSON_ID)
        ON DELETE CASCADE
        ON UPDATE RESTRICT
);
---------------------------------------------------------   SEASON 8

INSERT INTO SEASONS(TV_CHANEL, YEAR, EPISODES, START_DATE, FINAL_DATE, AWARD, WINNER_ID)
VALUES ('NOVA TV', 2020, 13, '2020-02-24', '2020-05-18', 'car', 65);
--Episodes in season 8
INSERT INTO EPISODES(EPISODE_ID, SEASON_ID)
VALUES (1, 8);
INSERT INTO EPISODES(EPISODE_ID, SEASON_ID)
VALUES (2, 8);
INSERT INTO EPISODES(EPISODE_ID, SEASON_ID)
VALUES (3, 8);
INSERT INTO EPISODES(EPISODE_ID, SEASON_ID)
VALUES (4, 8);
INSERT INTO EPISODES(EPISODE_ID, SEASON_ID)
VALUES (5, 8);
INSERT INTO EPISODES(EPISODE_ID, SEASON_ID)
VALUES (6, 8);
INSERT INTO EPISODES(EPISODE_ID, SEASON_ID)
VALUES (7, 8);
INSERT INTO EPISODES(EPISODE_ID, SEASON_ID)
VALUES (8, 8);
INSERT INTO EPISODES(EPISODE_ID, SEASON_ID)
VALUES (9, 8);
INSERT INTO EPISODES(EPISODE_ID, SEASON_ID)
VALUES (10, 8);
INSERT INTO EPISODES(EPISODE_ID, SEASON_ID)
VALUES (11, 8);
INSERT INTO EPISODES(EPISODE_ID, SEASON_ID)
VALUES (12, 8);
INSERT INTO EPISODES(EPISODE_ID, SEASON_ID)
VALUES (13, 8);

--adding people who are participants for season 8
INSERT INTO PEOPLE(NAME, NICKNAME, GENDER, AGE, JOB)
VALUES ('Antoine Petrov', 'Andie', 'M', 28, 'actor');

INSERT INTO PEOPLE(NAME, NICKNAME, GENDER, AGE, JOB)
VALUES ('Galina Kurdova', 'Galia', 'F', 41, 'singer');

INSERT INTO PEOPLE(NAME, NICKNAME, GENDER, AGE, JOB)
VALUES ('George Stoimenov', 'JJ', 'M', 30, 'singer');

INSERT INTO PEOPLE(NAME, NICKNAME, GENDER, AGE, JOB)
VALUES ('Darina Yotova', 'Dara', 'F', 21, 'singer');

INSERT INTO PEOPLE(NAME, NICKNAME, GENDER, AGE, JOB)
VALUES ('Dimiter Marinov', null, 'M', 55, 'actor');

INSERT INTO PEOPLE(NAME, NICKNAME, GENDER, AGE, JOB)
VALUES ('Luna Yordanova', null, 'F', 49, 'singer');

INSERT INTO PEOPLE(NAME, NICKNAME, GENDER, AGE, JOB)
VALUES ('Magdalena Dzhanavarova', 'Magi', 'F', 32, 'singer');

INSERT INTO PEOPLE(NAME, NICKNAME, GENDER, AGE, JOB)
VALUES ('Yonislav Yotov', 'Totto', 'M', 28, 'singer');

INSERT INTO PEOPLE(NAME, NICKNAME, GENDER, AGE, JOB)
VALUES ('Fikret Storaro', 'Fiki', 'M', 25, 'singer');

--adding participants
INSERT INTO PARTICIPANTS(PARTICIPANT_ID, SUM_POINTS)
VALUES (57, 71);
INSERT INTO PARTICIPANTS(PARTICIPANT_ID, SUM_POINTS)
VALUES (58, 54);
INSERT INTO PARTICIPANTS(PARTICIPANT_ID, SUM_POINTS)
VALUES (59, 73);
INSERT INTO PARTICIPANTS(PARTICIPANT_ID, SUM_POINTS)
VALUES (60, 92);
INSERT INTO PARTICIPANTS(PARTICIPANT_ID, SUM_POINTS)
VALUES (61, 84);
INSERT INTO PARTICIPANTS(PARTICIPANT_ID, SUM_POINTS)
VALUES (62, 36);
INSERT INTO PARTICIPANTS(PARTICIPANT_ID, SUM_POINTS)
VALUES (63, 68);
INSERT INTO PARTICIPANTS(PARTICIPANT_ID, SUM_POINTS)
VALUES (64, 59);
INSERT INTO PARTICIPANTS(PARTICIPANT_ID, SUM_POINTS)
VALUES (65, 93);
------------------------------------------------------------------------------------------
INSERT INTO PEOPLE(NAME, NICKNAME, GENDER, AGE, JOB)
VALUES ('Dimitar Rachkov', 'Rachkov', 'M', 47, 'actor');

INSERT INTO PEOPLE(NAME, NICKNAME, GENDER, AGE, JOB)
VALUES ('Vasil Vaslev', 'Zueka', 'M', 54, 'actor');

INSERT INTO PEOPLE(NAME, NICKNAME, GENDER, AGE, JOB)
VALUES ('Hilda Kazasiyan', null, 'F ', 50, 'singer');

INSERT INTO PEOPLE(NAME, NICKNAME, GENDER, AGE, JOB)
VALUES ('Dimitar Kovachev', 'Funky', 'M ', 60, 'musician');

INSERT INTO PEOPLE(NAME, NICKNAME, GENDER, AGE, JOB)
VALUES ('Julian Vergov', null, 'M ', 49, 'actor');

INSERT INTO PEOPLE(NAME, NICKNAME, GENDER, AGE, JOB)
VALUES ('Magardich Halvadzhiyan', 'Magi', 'M ', 53, 'director and producer');

INSERT INTO PEOPLE(NAME, NICKNAME, GENDER, AGE, JOB)
VALUES ('Lyben Dilov Son', null, 'M ', 55, 'journalist and writer');



INSERT INTO PEOPLE(NAME, NICKNAME, GENDER, AGE, JOB)
VALUES ('Julian Konstantinov', null, 'M ', 54, 'rock & opera singer');

INSERT INTO PEOPLE(NAME, NICKNAME, GENDER, AGE, JOB)
VALUES ('Dobrin Vekilov', 'Donny', 'M ', 52, 'singer');

INSERT INTO PEOPLE(NAME, NICKNAME, GENDER, AGE, JOB)
VALUES ('Jordanka Hristova', null, 'F', 76, 'singer');

INSERT INTO PEOPLE(NAME, NICKNAME, GENDER, AGE, JOB)
VALUES ('Viktor Kalev', 'Vikky', 'M ', 50, 'actor');
--
INSERT INTO PEOPLE(NAME, NICKNAME, GENDER, AGE, JOB)
VALUES ('Etienne Levi', null, 'M ', 62, 'singer');

INSERT INTO PEOPLE(NAME, NICKNAME, GENDER, AGE, JOB)
VALUES ('George Nizamov', null, 'M', 50, 'actor');

INSERT INTO PEOPLE(NAME, NICKNAME, GENDER, AGE, JOB)
VALUES ('Alexandra Eneva', null, 'F', 30, 'dancer');

-- staff
INSERT INTO STAFF(STAFF_ID, POSITION)
VALUES (71, 'producer');
INSERT INTO STAFF(STAFF_ID, POSITION)
VALUES (77, 'singer coach');
INSERT INTO STAFF(STAFF_ID, POSITION)
VALUES (78, 'actor coach');
INSERT INTO STAFF(STAFF_ID, POSITION)
VALUES (79, 'dancing coach');

-- hosts
INSERT INTO HOSTS(HOST_ID)
VALUES (66);
INSERT INTO HOSTS(HOST_ID)
VALUES (67);

--judges
INSERT INTO JUDGES(JUDGE_ID)
VALUES (69);
INSERT INTO JUDGES(JUDGE_ID)
VALUES (70);
INSERT INTO JUDGES(JUDGE_ID)
VALUES (71);
INSERT INTO JUDGES(JUDGE_ID)
VALUES (72);
INSERT INTO JUDGES(JUDGE_ID)
VALUES (73);
INSERT INTO JUDGES(JUDGE_ID)
VALUES (74);
INSERT INTO JUDGES(JUDGE_ID)
VALUES (75);
INSERT INTO JUDGES(JUDGE_ID)
VALUES (76);
INSERT INTO JUDGES(JUDGE_ID)
VALUES (68);
INSERT INTO JUDGES(JUDGE_ID)
VALUES (5);


----------------------------------
-- participate-in
--SEASON 1
--HOSTS
INSERT INTO PARTICIPATE_IN(PERSON_ID, SEASON_ID)
VALUES (66, 1);
INSERT INTO PARTICIPATE_IN(PERSON_ID, SEASON_ID)
VALUES (67, 1);
--JUDGE
INSERT INTO PARTICIPATE_IN(PERSON_ID, SEASON_ID)
VALUES (72, 1);
INSERT INTO PARTICIPATE_IN(PERSON_ID, SEASON_ID)
VALUES (68, 1);
INSERT INTO PARTICIPATE_IN(PERSON_ID, SEASON_ID)
VALUES (71, 1);
--Participants
INSERT INTO PARTICIPATE_IN(PERSON_ID, SEASON_ID)
VALUES (1, 1);
INSERT INTO PARTICIPATE_IN(PERSON_ID, SEASON_ID)
VALUES (2, 1);
INSERT INTO PARTICIPATE_IN(PERSON_ID, SEASON_ID)
VALUES (3, 1);
INSERT INTO PARTICIPATE_IN(PERSON_ID, SEASON_ID)
VALUES (4, 1);
INSERT INTO PARTICIPATE_IN(PERSON_ID, SEASON_ID)
VALUES (5, 1);
INSERT INTO PARTICIPATE_IN(PERSON_ID, SEASON_ID)
VALUES (6, 1);
INSERT INTO PARTICIPATE_IN(PERSON_ID, SEASON_ID)
VALUES (7, 1);
INSERT INTO PARTICIPATE_IN(PERSON_ID, SEASON_ID)
VALUES (8, 1);

--SEASON 2
--HOSTS
INSERT INTO PARTICIPATE_IN(PERSON_ID, SEASON_ID)
VALUES (66, 2);
INSERT INTO PARTICIPATE_IN(PERSON_ID, SEASON_ID)
VALUES (67, 2);
--JUDGE
INSERT INTO PARTICIPATE_IN(PERSON_ID, SEASON_ID)
VALUES (68, 2);
INSERT INTO PARTICIPATE_IN(PERSON_ID, SEASON_ID)
VALUES (71, 2);
INSERT INTO PARTICIPATE_IN(PERSON_ID, SEASON_ID)
VALUES (5, 2);
INSERT INTO PARTICIPATE_IN(PERSON_ID, SEASON_ID)
VALUES (73, 2);
--Participants
INSERT INTO PARTICIPATE_IN(PERSON_ID, SEASON_ID)
VALUES (9, 2);
INSERT INTO PARTICIPATE_IN(PERSON_ID, SEASON_ID)
VALUES (10, 2);
INSERT INTO PARTICIPATE_IN(PERSON_ID, SEASON_ID)
VALUES (11, 2);
INSERT INTO PARTICIPATE_IN(PERSON_ID, SEASON_ID)
VALUES (12, 2);
INSERT INTO PARTICIPATE_IN(PERSON_ID, SEASON_ID)
VALUES (13, 2);
INSERT INTO PARTICIPATE_IN(PERSON_ID, SEASON_ID)
VALUES (14, 2);
INSERT INTO PARTICIPATE_IN(PERSON_ID, SEASON_ID)
VALUES (15, 2);
INSERT INTO PARTICIPATE_IN(PERSON_ID, SEASON_ID)
VALUES (16, 2);

--SEASON 3
--HOSTS
INSERT INTO PARTICIPATE_IN(PERSON_ID, SEASON_ID)
VALUES (66, 3);
INSERT INTO PARTICIPATE_IN(PERSON_ID, SEASON_ID)
VALUES (67, 3);
--JUDGE
INSERT INTO PARTICIPATE_IN(PERSON_ID, SEASON_ID)
VALUES (68, 3);
INSERT INTO PARTICIPATE_IN(PERSON_ID, SEASON_ID)
VALUES (69, 3);
INSERT INTO PARTICIPATE_IN(PERSON_ID, SEASON_ID)
VALUES (71, 3);
--Participants
INSERT INTO PARTICIPATE_IN(PERSON_ID, SEASON_ID)
VALUES (17, 3);
INSERT INTO PARTICIPATE_IN(PERSON_ID, SEASON_ID)
VALUES (18, 3);
INSERT INTO PARTICIPATE_IN(PERSON_ID, SEASON_ID)
VALUES (19, 3);
INSERT INTO PARTICIPATE_IN(PERSON_ID, SEASON_ID)
VALUES (20, 3);
INSERT INTO PARTICIPATE_IN(PERSON_ID, SEASON_ID)
VALUES (21, 3);
INSERT INTO PARTICIPATE_IN(PERSON_ID, SEASON_ID)
VALUES (22, 3);
INSERT INTO PARTICIPATE_IN(PERSON_ID, SEASON_ID)
VALUES (23, 3);
INSERT INTO PARTICIPATE_IN(PERSON_ID, SEASON_ID)
VALUES (24, 3);

--SEASON 4
--HOSTS
INSERT INTO PARTICIPATE_IN(PERSON_ID, SEASON_ID)
VALUES (66, 4);
INSERT INTO PARTICIPATE_IN(PERSON_ID, SEASON_ID)
VALUES (67, 4);
--JUDGE
INSERT INTO PARTICIPATE_IN(PERSON_ID, SEASON_ID)
VALUES (68, 4);
INSERT INTO PARTICIPATE_IN(PERSON_ID, SEASON_ID)
VALUES (69, 4);
INSERT INTO PARTICIPATE_IN(PERSON_ID, SEASON_ID)
VALUES (74, 4);
--Participants
INSERT INTO PARTICIPATE_IN(PERSON_ID, SEASON_ID)
VALUES (25, 4);
INSERT INTO PARTICIPATE_IN(PERSON_ID, SEASON_ID)
VALUES (26, 4);
INSERT INTO PARTICIPATE_IN(PERSON_ID, SEASON_ID)
VALUES (27, 4);
INSERT INTO PARTICIPATE_IN(PERSON_ID, SEASON_ID)
VALUES (28, 4);
INSERT INTO PARTICIPATE_IN(PERSON_ID, SEASON_ID)
VALUES (29, 4);
INSERT INTO PARTICIPATE_IN(PERSON_ID, SEASON_ID)
VALUES (30, 4);
INSERT INTO PARTICIPATE_IN(PERSON_ID, SEASON_ID)
VALUES (31, 4);
INSERT INTO PARTICIPATE_IN(PERSON_ID, SEASON_ID)
VALUES (32, 4);

--SEASON 5
--HOSTS
INSERT INTO PARTICIPATE_IN(PERSON_ID, SEASON_ID)
VALUES (66, 5);
INSERT INTO PARTICIPATE_IN(PERSON_ID, SEASON_ID)
VALUES (67, 5);
--JUDGE
INSERT INTO PARTICIPATE_IN(PERSON_ID, SEASON_ID)
VALUES (75, 5);
INSERT INTO PARTICIPATE_IN(PERSON_ID, SEASON_ID)
VALUES (69, 5);
INSERT INTO PARTICIPATE_IN(PERSON_ID, SEASON_ID)
VALUES (76, 5);
--Participants
INSERT INTO PARTICIPATE_IN(PERSON_ID, SEASON_ID)
VALUES (33, 5);
INSERT INTO PARTICIPATE_IN(PERSON_ID, SEASON_ID)
VALUES (34, 5);
INSERT INTO PARTICIPATE_IN(PERSON_ID, SEASON_ID)
VALUES (35, 5);
INSERT INTO PARTICIPATE_IN(PERSON_ID, SEASON_ID)
VALUES (36, 5);
INSERT INTO PARTICIPATE_IN(PERSON_ID, SEASON_ID)
VALUES (37, 5);
INSERT INTO PARTICIPATE_IN(PERSON_ID, SEASON_ID)
VALUES (38, 5);
INSERT INTO PARTICIPATE_IN(PERSON_ID, SEASON_ID)
VALUES (39, 5);
INSERT INTO PARTICIPATE_IN(PERSON_ID, SEASON_ID)
VALUES (40, 5);

--SEASON 6
--HOSTS
INSERT INTO PARTICIPATE_IN(PERSON_ID, SEASON_ID)
VALUES (66, 6);
INSERT INTO PARTICIPATE_IN(PERSON_ID, SEASON_ID)
VALUES (67, 6);
--JUDGE
INSERT INTO PARTICIPATE_IN(PERSON_ID, SEASON_ID)
VALUES (68, 6);
INSERT INTO PARTICIPATE_IN(PERSON_ID, SEASON_ID)
VALUES (69, 6);
INSERT INTO PARTICIPATE_IN(PERSON_ID, SEASON_ID)
VALUES (71, 6);
--Participants
INSERT INTO PARTICIPATE_IN(PERSON_ID, SEASON_ID)
VALUES (41, 6);
INSERT INTO PARTICIPATE_IN(PERSON_ID, SEASON_ID)
VALUES (42, 6);
INSERT INTO PARTICIPATE_IN(PERSON_ID, SEASON_ID)
VALUES (43, 6);
INSERT INTO PARTICIPATE_IN(PERSON_ID, SEASON_ID)
VALUES (44, 6);
INSERT INTO PARTICIPATE_IN(PERSON_ID, SEASON_ID)
VALUES (45, 6);
INSERT INTO PARTICIPATE_IN(PERSON_ID, SEASON_ID)
VALUES (46, 6);
INSERT INTO PARTICIPATE_IN(PERSON_ID, SEASON_ID)
VALUES (47, 6);
INSERT INTO PARTICIPATE_IN(PERSON_ID, SEASON_ID)
VALUES (48, 6);

--SEASON 7
--HOSTS
DELETE  FROM PARTICIPATE_IN WHERE  PERSON_ID = 66 AND SEASON_ID = 7;
INSERT INTO PARTICIPATE_IN(PERSON_ID, SEASON_ID)
VALUES (66, 7);
INSERT INTO PARTICIPATE_IN(PERSON_ID, SEASON_ID)
VALUES (67, 7);
--JUDGE
INSERT INTO PARTICIPATE_IN(PERSON_ID, SEASON_ID)
VALUES (68, 7);
INSERT INTO PARTICIPATE_IN(PERSON_ID, SEASON_ID)
VALUES (69, 7);
INSERT INTO PARTICIPATE_IN(PERSON_ID, SEASON_ID)
VALUES (71, 7);
--Participants
INSERT INTO PARTICIPATE_IN(PERSON_ID, SEASON_ID)
VALUES (49, 7);
INSERT INTO PARTICIPATE_IN(PERSON_ID, SEASON_ID)
VALUES (50, 7);
INSERT INTO PARTICIPATE_IN(PERSON_ID, SEASON_ID)
VALUES (51, 7);
INSERT INTO PARTICIPATE_IN(PERSON_ID, SEASON_ID)
VALUES (52, 7);
INSERT INTO PARTICIPATE_IN(PERSON_ID, SEASON_ID)
VALUES (53, 7);
INSERT INTO PARTICIPATE_IN(PERSON_ID, SEASON_ID)
VALUES (54, 7);
INSERT INTO PARTICIPATE_IN(PERSON_ID, SEASON_ID)
VALUES (55, 7);
INSERT INTO PARTICIPATE_IN(PERSON_ID, SEASON_ID)
VALUES (56, 7);

--SEASON 8
--HOSTS
INSERT INTO PARTICIPATE_IN(PERSON_ID, SEASON_ID)
VALUES (66, 8);
INSERT INTO PARTICIPATE_IN(PERSON_ID, SEASON_ID)
VALUES (67, 8);
--JUDGЕ
INSERT INTO PARTICIPATE_IN(PERSON_ID, SEASON_ID)
VALUES (68, 8);
INSERT INTO PARTICIPATE_IN(PERSON_ID, SEASON_ID)
VALUES (69, 8);
INSERT INTO PARTICIPATE_IN(PERSON_ID, SEASON_ID)
VALUES (70, 8);
INSERT INTO PARTICIPATE_IN(PERSON_ID, SEASON_ID)
VALUES (71, 8);
--Participants
INSERT INTO PARTICIPATE_IN(PERSON_ID, SEASON_ID)
VALUES (57, 8);
INSERT INTO PARTICIPATE_IN(PERSON_ID, SEASON_ID)
VALUES (58, 8);
INSERT INTO PARTICIPATE_IN(PERSON_ID, SEASON_ID)
VALUES (59, 8);
INSERT INTO PARTICIPATE_IN(PERSON_ID, SEASON_ID)
VALUES (60, 8);
INSERT INTO PARTICIPATE_IN(PERSON_ID, SEASON_ID)
VALUES (61, 8);
INSERT INTO PARTICIPATE_IN(PERSON_ID, SEASON_ID)
VALUES (62, 8);
INSERT INTO PARTICIPATE_IN(PERSON_ID, SEASON_ID)
VALUES (63, 8);
INSERT INTO PARTICIPATE_IN(PERSON_ID, SEASON_ID)
VALUES (64, 8);
INSERT INTO PARTICIPATE_IN(PERSON_ID, SEASON_ID)
VALUES (65, 8);

CREATE TABLE RATED_IN
(
    PARTICIPANT_ID INT NOT NULL,
    EPISODE_ID     INT NOT NULL,
    SEASON_ID      INT NOT NULL,
    POINTS         INT NOT NULL,

-- THERE ARE TWO FOREIGN KEYS
    FOREIGN KEY (PARTICIPANT_ID)
        REFERENCES PARTICIPANTS (PARTICIPANT_ID),

    FOREIGN KEY (EPISODE_ID, SEASON_ID)
        REFERENCES EPISODES (EPISODE_ID, SEASON_ID),

-- A PARTICIPANT CANT HAVE LESS THAN 3 AND MORE THAN 11
    CHECK (POINTS >= 3 AND POINTS <= 11)
);
-------------------------------------------S02 EO1
--Kuci Vapcarov
INSERT INTO GENERATED_IMPRESSION(SINGER_NAME, SONS_NAME, PARTICIPANT_ID, EPISODE_ID, SEASON_ID)
VALUES ('Vasil Naidenov', 'Sbogom Moya Lubov', 50, 1, 2);

INSERT INTO RATED_IN(PARTICIPANT_ID, EPISODE_ID, SEASON_ID, POINTS)
VALUES (50, 1, 2, 8);

--Nevena Bozukova
INSERT INTO GENERATED_IMPRESSION(SINGER_NAME, SONS_NAME, PARTICIPANT_ID, EPISODE_ID, SEASON_ID)
VALUES ('Jessie J', 'Nobody is perfect', 47, 1, 2);

INSERT INTO RATED_IN(PARTICIPANT_ID, EPISODE_ID, SEASON_ID, POINTS)
VALUES (47, 1, 2, 3);

--Ivo Tanev
INSERT INTO GENERATED_IMPRESSION(SINGER_NAME, SONS_NAME, PARTICIPANT_ID, EPISODE_ID, SEASON_ID)
VALUES ('Tom Jones', 'Delilah', 49, 1, 2);

INSERT INTO RATED_IN(PARTICIPANT_ID, EPISODE_ID, SEASON_ID, POINTS)
VALUES (49, 1, 2, 3);

--Pavel Vladimirov
INSERT INTO GENERATED_IMPRESSION(SINGER_NAME, SONS_NAME, PARTICIPANT_ID, EPISODE_ID, SEASON_ID)
VALUES ('Dufy', 'Mercy', 53, 1, 2);

INSERT INTO RATED_IN(PARTICIPANT_ID, EPISODE_ID, SEASON_ID, POINTS)
VALUES (53, 1, 2, 6);

--Neti
INSERT INTO GENERATED_IMPRESSION(SINGER_NAME, SONS_NAME, PARTICIPANT_ID, EPISODE_ID, SEASON_ID)
VALUES ('Lisa Mineli', 'Cabaret', 52, 1, 2);

INSERT INTO RATED_IN(PARTICIPANT_ID, EPISODE_ID, SEASON_ID, POINTS)
VALUES (52, 1, 2, 10);

--Maya
INSERT INTO GENERATED_IMPRESSION(SINGER_NAME, SONS_NAME, PARTICIPANT_ID, EPISODE_ID, SEASON_ID)
VALUES ('Tony Dimitrova', 'Za tebe horata gorovqt', 51, 1, 2);

INSERT INTO RATED_IN(PARTICIPANT_ID, EPISODE_ID, SEASON_ID, POINTS)
VALUES (51, 1, 2, 4);

--Deyan
INSERT INTO GENERATED_IMPRESSION(SINGER_NAME, SONS_NAME, PARTICIPANT_ID, EPISODE_ID, SEASON_ID)
VALUES ('Elvis Presley', 'Love me tender', 48, 1, 2);

INSERT INTO RATED_IN(PARTICIPANT_ID, EPISODE_ID, SEASON_ID, POINTS)
VALUES (48, 1, 2, 7);

--Stefania
INSERT INTO GENERATED_IMPRESSION(SINGER_NAME, SONS_NAME, PARTICIPANT_ID, EPISODE_ID, SEASON_ID)
VALUES ('Shakira', 'Hips dont lie', 54, 1, 2);

INSERT INTO RATED_IN(PARTICIPANT_ID, EPISODE_ID, SEASON_ID, POINTS)
VALUES (54, 1, 2, 5);

-------------------------------------------S02 EO2
--Kuci Vapcarov
INSERT INTO GENERATED_IMPRESSION(SINGER_NAME, SONS_NAME, PARTICIPANT_ID, EPISODE_ID, SEASON_ID)
VALUES ('Lili Ivanova', 'Stari Moi Priyatelu', 50, 2, 2);

INSERT INTO RATED_IN(PARTICIPANT_ID, EPISODE_ID, SEASON_ID, POINTS)
VALUES (50, 2, 2, 10);

--Nevena Bozukova
INSERT INTO GENERATED_IMPRESSION(SINGER_NAME, SONS_NAME, PARTICIPANT_ID, EPISODE_ID, SEASON_ID)
VALUES ('Rocket', 'Listen to your heart', 47, 2, 2);

INSERT INTO RATED_IN(PARTICIPANT_ID, EPISODE_ID, SEASON_ID, POINTS)
VALUES (47, 2, 2, 3);

--Ivo Tanev
INSERT INTO GENERATED_IMPRESSION(SINGER_NAME, SONS_NAME, PARTICIPANT_ID, EPISODE_ID, SEASON_ID)
VALUES ('Ahat', 'Cherna ovca', 49, 2, 2);

INSERT INTO RATED_IN(PARTICIPANT_ID, EPISODE_ID, SEASON_ID, POINTS)
VALUES (49, 2, 2, 4);

--Pavel Vladimirov
INSERT INTO GENERATED_IMPRESSION(SINGER_NAME, SONS_NAME, PARTICIPANT_ID, EPISODE_ID, SEASON_ID)
VALUES ('D2 and Dicho', 'Az i ti', 53, 2, 2);

INSERT INTO RATED_IN(PARTICIPANT_ID, EPISODE_ID, SEASON_ID, POINTS)
VALUES (53, 2, 2, 9);

--Neti
INSERT INTO GENERATED_IMPRESSION(SINGER_NAME, SONS_NAME, PARTICIPANT_ID, EPISODE_ID, SEASON_ID)
VALUES ('Michael Jackson', 'They dont care about us', 52, 2, 2);

INSERT INTO RATED_IN(PARTICIPANT_ID, EPISODE_ID, SEASON_ID, POINTS)
VALUES (52, 2, 2, 8);

--Maya
INSERT INTO GENERATED_IMPRESSION(SINGER_NAME, SONS_NAME, PARTICIPANT_ID, EPISODE_ID, SEASON_ID)
VALUES ('Krisko', 'Idal Petrof', 51, 2, 2);

INSERT INTO RATED_IN(PARTICIPANT_ID, EPISODE_ID, SEASON_ID, POINTS)
VALUES (51, 2, 2, 9);

--Deyan
INSERT INTO GENERATED_IMPRESSION(SINGER_NAME, SONS_NAME, PARTICIPANT_ID, EPISODE_ID, SEASON_ID)
VALUES ('Prodigi', 'Firestarter', 48, 2, 2);

INSERT INTO RATED_IN(PARTICIPANT_ID, EPISODE_ID, SEASON_ID, POINTS)
VALUES (48, 2, 2, 5);

--Stefania
INSERT INTO GENERATED_IMPRESSION(SINGER_NAME, SONS_NAME, PARTICIPANT_ID, EPISODE_ID, SEASON_ID)
VALUES ('Vania Kostova', 'Za starata lubov', 54, 2, 2);

INSERT INTO RATED_IN(PARTICIPANT_ID, EPISODE_ID, SEASON_ID, POINTS)
VALUES (54, 2, 2, 7);


-------------------------------------------S02 EO3
--Kuci Vapcarov
INSERT INTO GENERATED_IMPRESSION(SINGER_NAME, SONS_NAME, PARTICIPANT_ID, EPISODE_ID, SEASON_ID)
VALUES ('Jason Derulo', 'Talk dirty', 50, 3, 2);

INSERT INTO RATED_IN(PARTICIPANT_ID, EPISODE_ID, SEASON_ID, POINTS)
VALUES (50, 3, 2, 5);

--Nevena Bozukova
INSERT INTO GENERATED_IMPRESSION(SINGER_NAME, SONS_NAME, PARTICIPANT_ID, EPISODE_ID, SEASON_ID)
VALUES ('Tina Turner', 'Nutbush city limits', 47, 3, 2);

INSERT INTO RATED_IN(PARTICIPANT_ID, EPISODE_ID, SEASON_ID, POINTS)
VALUES (47, 3, 2, 7);

--Ivo Tanev
INSERT INTO GENERATED_IMPRESSION(SINGER_NAME, SONS_NAME, PARTICIPANT_ID, EPISODE_ID, SEASON_ID)
VALUES ('Queen', 'I want to break free', 49, 3, 2);

INSERT INTO RATED_IN(PARTICIPANT_ID, EPISODE_ID, SEASON_ID, POINTS)
VALUES (49, 3, 2, 9);

--Pavel Vladimirov
INSERT INTO GENERATED_IMPRESSION(SINGER_NAME, SONS_NAME, PARTICIPANT_ID, EPISODE_ID, SEASON_ID)
VALUES ('Rosica Kirilova', 'Nai-dobrata duma', 53, 3, 2);

INSERT INTO RATED_IN(PARTICIPANT_ID, EPISODE_ID, SEASON_ID, POINTS)
VALUES (53, 3, 2, 6);

--Neti
INSERT INTO GENERATED_IMPRESSION(SINGER_NAME, SONS_NAME, PARTICIPANT_ID, EPISODE_ID, SEASON_ID)
VALUES ('Susan Boile', 'I dreamed a dream', 52, 3, 2);

INSERT INTO RATED_IN(PARTICIPANT_ID, EPISODE_ID, SEASON_ID, POINTS)
VALUES (52, 3, 2, 10);

--Maya
INSERT INTO GENERATED_IMPRESSION(SINGER_NAME, SONS_NAME, PARTICIPANT_ID, EPISODE_ID, SEASON_ID)
VALUES ('Marius Kurkinski', 'Stiga be', 51, 3, 2);

INSERT INTO RATED_IN(PARTICIPANT_ID, EPISODE_ID, SEASON_ID, POINTS)
VALUES (51, 3, 2, 4);

--Deyan
INSERT INTO GENERATED_IMPRESSION(SINGER_NAME, SONS_NAME, PARTICIPANT_ID, EPISODE_ID, SEASON_ID)
VALUES ('Billie Aiden', 'Speed', 48, 3, 2);

INSERT INTO RATED_IN(PARTICIPANT_ID, EPISODE_ID, SEASON_ID, POINTS)
VALUES (48, 3, 2, 3);

--Stefania
INSERT INTO GENERATED_IMPRESSION(SINGER_NAME, SONS_NAME, PARTICIPANT_ID, EPISODE_ID, SEASON_ID)
VALUES ('Merillyn Monroe', 'I wanna be loved by you', 54, 3, 2);

INSERT INTO RATED_IN(PARTICIPANT_ID, EPISODE_ID, SEASON_ID, POINTS)
VALUES (54, 3, 2, 8);

-------------------------------------------S02 EO4
--Kuci Vapcarov
INSERT INTO GENERATED_IMPRESSION(SINGER_NAME, SONS_NAME, PARTICIPANT_ID, EPISODE_ID, SEASON_ID)
VALUES ('Slavi Trifonov', 'Neka me boli', 50, 4, 2);

INSERT INTO RATED_IN(PARTICIPANT_ID, EPISODE_ID, SEASON_ID, POINTS)
VALUES (50, 4, 2, 10);

--Nevena Bozukova
INSERT INTO GENERATED_IMPRESSION(SINGER_NAME, SONS_NAME, PARTICIPANT_ID, EPISODE_ID, SEASON_ID)
VALUES ('John Newman', 'Love me again', 47, 4, 2);

INSERT INTO RATED_IN(PARTICIPANT_ID, EPISODE_ID, SEASON_ID, POINTS)
VALUES (47, 4, 2, 8);

--Ivo Tanev
INSERT INTO GENERATED_IMPRESSION(SINGER_NAME, SONS_NAME, PARTICIPANT_ID, EPISODE_ID, SEASON_ID)
VALUES ('Maryah Carry', 'All i want for Christmas', 49, 4, 2);

INSERT INTO RATED_IN(PARTICIPANT_ID, EPISODE_ID, SEASON_ID, POINTS)
VALUES (49, 4, 2, 4);

--Pavel Vladimirov
INSERT INTO GENERATED_IMPRESSION(SINGER_NAME, SONS_NAME, PARTICIPANT_ID, EPISODE_ID, SEASON_ID)
VALUES ('Mik MacJagger', '(I can''t get no) Satisfaction', 53, 4, 2);

INSERT INTO RATED_IN(PARTICIPANT_ID, EPISODE_ID, SEASON_ID, POINTS)
VALUES (53, 4, 2, 3);

--Neti
INSERT INTO GENERATED_IMPRESSION(SINGER_NAME, SONS_NAME, PARTICIPANT_ID, EPISODE_ID, SEASON_ID)
VALUES ('Pasha Hristova', 'Edna bulgarska roza', 52, 4, 2);

INSERT INTO RATED_IN(PARTICIPANT_ID, EPISODE_ID, SEASON_ID, POINTS)
VALUES (52, 4, 2, 7);

--Maya
INSERT INTO GENERATED_IMPRESSION(SINGER_NAME, SONS_NAME, PARTICIPANT_ID, EPISODE_ID, SEASON_ID)
VALUES ('Lady Gaga', 'Poker Face', 51, 4, 2);

INSERT INTO RATED_IN(PARTICIPANT_ID, EPISODE_ID, SEASON_ID, POINTS)
VALUES (51, 4, 2, 5);

--Deyan
INSERT INTO GENERATED_IMPRESSION(SINGER_NAME, SONS_NAME, PARTICIPANT_ID, EPISODE_ID, SEASON_ID)
VALUES ('50 cent', 'P.I.M.P', 48, 4, 2);

INSERT INTO RATED_IN(PARTICIPANT_ID, EPISODE_ID, SEASON_ID, POINTS)
VALUES (48, 4, 2, 6);

--Stefania
INSERT INTO GENERATED_IMPRESSION(SINGER_NAME, SONS_NAME, PARTICIPANT_ID, EPISODE_ID, SEASON_ID)
VALUES ('Alice Cooper', 'Poison', 54, 4, 2);

INSERT INTO RATED_IN(PARTICIPANT_ID, EPISODE_ID, SEASON_ID, POINTS)
VALUES (54, 4, 2, 9);


-------------------------------------------S02 EO5
--Kuci Vapcarov
INSERT INTO GENERATED_IMPRESSION(SINGER_NAME, SONS_NAME, PARTICIPANT_ID, EPISODE_ID, SEASON_ID)
VALUES ('George Michael', 'Faith', 50, 5, 2);

INSERT INTO RATED_IN(PARTICIPANT_ID, EPISODE_ID, SEASON_ID, POINTS)
VALUES (50, 5, 2, 5);

--Nevena Bozukova
INSERT INTO GENERATED_IMPRESSION(SINGER_NAME, SONS_NAME, PARTICIPANT_ID, EPISODE_ID, SEASON_ID)
VALUES ('Madona', 'Frozen', 47, 5, 2);

INSERT INTO RATED_IN(PARTICIPANT_ID, EPISODE_ID, SEASON_ID, POINTS)
VALUES (47, 5, 2, 6);

--Ivo Tanev
INSERT INTO GENERATED_IMPRESSION(SINGER_NAME, SONS_NAME, PARTICIPANT_ID, EPISODE_ID, SEASON_ID)
VALUES ('Veselin Marinov', 'Da se sabudish do men', 49, 5, 2);

INSERT INTO RATED_IN(PARTICIPANT_ID, EPISODE_ID, SEASON_ID, POINTS)
VALUES (49, 5, 2, 8);

--Pavel Vladimirov
INSERT INTO GENERATED_IMPRESSION(SINGER_NAME, SONS_NAME, PARTICIPANT_ID, EPISODE_ID, SEASON_ID)
VALUES ('Dr. Alban', 'Its my life', 53, 5, 2);

INSERT INTO RATED_IN(PARTICIPANT_ID, EPISODE_ID, SEASON_ID, POINTS)
VALUES (53, 5, 2, 7);

--Neti
INSERT INTO GENERATED_IMPRESSION(SINGER_NAME, SONS_NAME, PARTICIPANT_ID, EPISODE_ID, SEASON_ID)
VALUES ('Madona', 'Like a prayer', 52, 5, 2);

INSERT INTO RATED_IN(PARTICIPANT_ID, EPISODE_ID, SEASON_ID, POINTS)
VALUES (52, 5, 2, 9);

--Maya
INSERT INTO GENERATED_IMPRESSION(SINGER_NAME, SONS_NAME, PARTICIPANT_ID, EPISODE_ID, SEASON_ID)
VALUES ('Madona', 'Give it 2 me', 51, 5, 2);

INSERT INTO RATED_IN(PARTICIPANT_ID, EPISODE_ID, SEASON_ID, POINTS)
VALUES (51, 5, 2, 4);

--Deyan
INSERT INTO GENERATED_IMPRESSION(SINGER_NAME, SONS_NAME, PARTICIPANT_ID, EPISODE_ID, SEASON_ID)
VALUES ('Luis Armstrong', 'What a wonderful world', 48, 5, 2);

INSERT INTO RATED_IN(PARTICIPANT_ID, EPISODE_ID, SEASON_ID, POINTS)
VALUES (48, 5, 2, 10);

--Stefania
INSERT INTO GENERATED_IMPRESSION(SINGER_NAME, SONS_NAME, PARTICIPANT_ID, EPISODE_ID, SEASON_ID)
VALUES ('Ketty Perry', 'Hot n cold', 54, 5, 2);

INSERT INTO RATED_IN(PARTICIPANT_ID, EPISODE_ID, SEASON_ID, POINTS)
VALUES (54, 5, 2, 3);


-------------------------------------------S02 EO6
--Kuci Vapcarov
INSERT INTO GENERATED_IMPRESSION(SINGER_NAME, SONS_NAME, PARTICIPANT_ID, EPISODE_ID, SEASON_ID)
VALUES ('Rihanna', 'Diamonds', 50, 6, 2);
INSERT INTO RATED_IN(PARTICIPANT_ID, EPISODE_ID, SEASON_ID, POINTS)
VALUES (50, 6, 2, 7);
--Nevena Bozukova
INSERT INTO GENERATED_IMPRESSION(SINGER_NAME, SONS_NAME, PARTICIPANT_ID, EPISODE_ID, SEASON_ID)
VALUES ('Vasil Naidenov', 'Sigurno', 47, 6, 2);
INSERT INTO RATED_IN(PARTICIPANT_ID, EPISODE_ID, SEASON_ID, POINTS)
VALUES (47, 6, 2, 8);
--Ivo Tanev
INSERT INTO GENERATED_IMPRESSION(SINGER_NAME, SONS_NAME, PARTICIPANT_ID, EPISODE_ID, SEASON_ID)
VALUES ('Addele', 'Set Fire to the rain', 49, 6, 2);
INSERT INTO RATED_IN(PARTICIPANT_ID, EPISODE_ID, SEASON_ID, POINTS)
VALUES (49, 6, 2, 5);
--Pavel Vladimirov
INSERT INTO GENERATED_IMPRESSION(SINGER_NAME, SONS_NAME, PARTICIPANT_ID, EPISODE_ID, SEASON_ID)
VALUES ('Lubo Kirov', 'Ima li cvetia', 53, 6, 2);
INSERT INTO RATED_IN(PARTICIPANT_ID, EPISODE_ID, SEASON_ID, POINTS)
VALUES (53, 6, 2, 6);
--Neti
INSERT INTO GENERATED_IMPRESSION(SINGER_NAME, SONS_NAME, PARTICIPANT_ID, EPISODE_ID, SEASON_ID)
VALUES ('Aretha Franklin', 'Respect Thing', 52, 6, 2);
INSERT INTO RATED_IN(PARTICIPANT_ID, EPISODE_ID, SEASON_ID, POINTS)
VALUES (52, 6, 2, 9);
--Maya
INSERT INTO GENERATED_IMPRESSION(SINGER_NAME, SONS_NAME, PARTICIPANT_ID, EPISODE_ID, SEASON_ID)
VALUES ('Edit Piaf', 'Non, je ne regrette rien', 51, 6, 2);
INSERT INTO RATED_IN(PARTICIPANT_ID, EPISODE_ID, SEASON_ID, POINTS)
VALUES (51, 6, 2, 10);
--Deyan
INSERT INTO GENERATED_IMPRESSION(SINGER_NAME, SONS_NAME, PARTICIPANT_ID, EPISODE_ID, SEASON_ID)
VALUES ('Skakauec', 'Svetlio Vitkov', 48, 6, 2);
INSERT INTO RATED_IN(PARTICIPANT_ID, EPISODE_ID, SEASON_ID, POINTS)
VALUES (48, 6, 2, 4);
--Stefania
INSERT INTO GENERATED_IMPRESSION(SINGER_NAME, SONS_NAME, PARTICIPANT_ID, EPISODE_ID, SEASON_ID)
VALUES ('Boy George', 'Karma Chameleon', 54, 6, 2);
INSERT INTO RATED_IN(PARTICIPANT_ID, EPISODE_ID, SEASON_ID, POINTS)
VALUES (54, 6, 2, 3);


-------------------------------------------S02 EO7
--Kuci Vapcarov
INSERT INTO GENERATED_IMPRESSION(SINGER_NAME, SONS_NAME, PARTICIPANT_ID, EPISODE_ID, SEASON_ID)
VALUES ('Emil Dimitrov', 'Ako si dal', 50, 7, 2);
INSERT INTO RATED_IN(PARTICIPANT_ID, EPISODE_ID, SEASON_ID, POINTS)
VALUES (50, 7, 2, 7);
--Nevena Bozukova
INSERT INTO GENERATED_IMPRESSION(SINGER_NAME, SONS_NAME, PARTICIPANT_ID, EPISODE_ID, SEASON_ID)
VALUES ('Adele', 'Skyfall', 47, 7, 2);
INSERT INTO RATED_IN(PARTICIPANT_ID, EPISODE_ID, SEASON_ID, POINTS)
VALUES (47, 7, 2, 8);
--Ivo Tanev
INSERT INTO GENERATED_IMPRESSION(SINGER_NAME, SONS_NAME, PARTICIPANT_ID, EPISODE_ID, SEASON_ID)
VALUES ('Luciano Pavatori', 'Caruso', 49, 7, 2);
INSERT INTO RATED_IN(PARTICIPANT_ID, EPISODE_ID, SEASON_ID, POINTS)
VALUES (49, 7, 2, 10);
--Pavel Vladimirov
INSERT INTO GENERATED_IMPRESSION(SINGER_NAME, SONS_NAME, PARTICIPANT_ID, EPISODE_ID, SEASON_ID)
VALUES ('Robby Williams', 'Feel/Supreme', 53, 7, 2);
INSERT INTO RATED_IN(PARTICIPANT_ID, EPISODE_ID, SEASON_ID, POINTS)
VALUES (53, 7, 2, 5);
--Neti
INSERT INTO GENERATED_IMPRESSION(SINGER_NAME, SONS_NAME, PARTICIPANT_ID, EPISODE_ID, SEASON_ID)
VALUES ('Justin Timberlake', 'Let me talk to you/My love', 52, 7, 2);
INSERT INTO RATED_IN(PARTICIPANT_ID, EPISODE_ID, SEASON_ID, POINTS)
VALUES (52, 7, 2, 6);
--Maya
INSERT INTO GENERATED_IMPRESSION(SINGER_NAME, SONS_NAME, PARTICIPANT_ID, EPISODE_ID, SEASON_ID)
VALUES ('Irruption', 'One way ticket', 51, 7, 2);
INSERT INTO RATED_IN(PARTICIPANT_ID, EPISODE_ID, SEASON_ID, POINTS)
VALUES (51, 7, 2, 4);
--Deyan
INSERT INTO GENERATED_IMPRESSION(SINGER_NAME, SONS_NAME, PARTICIPANT_ID, EPISODE_ID, SEASON_ID)
VALUES ('Lili Ivanova', 'Vetrove', 48, 7, 2);
INSERT INTO RATED_IN(PARTICIPANT_ID, EPISODE_ID, SEASON_ID, POINTS)
VALUES (48, 7, 2, 9);
--Stefania
INSERT INTO GENERATED_IMPRESSION(SINGER_NAME, SONS_NAME, PARTICIPANT_ID, EPISODE_ID, SEASON_ID)
VALUES ('Whitney Huston', 'I wanna dance with somebody', 54, 7, 2);
INSERT INTO RATED_IN(PARTICIPANT_ID, EPISODE_ID, SEASON_ID, POINTS)
VALUES (54, 7, 2, 3);

-------------------------------------------S02 EO8
--Kuci Vapcarov
INSERT INTO GENERATED_IMPRESSION(SINGER_NAME, SONS_NAME, PARTICIPANT_ID, EPISODE_ID, SEASON_ID)
VALUES ('Queen', 'We are the champions', 50, 8, 2);
INSERT INTO RATED_IN(PARTICIPANT_ID, EPISODE_ID, SEASON_ID, POINTS)
VALUES (50, 8, 2, 6);
--Nevena Bozukova
INSERT INTO GENERATED_IMPRESSION(SINGER_NAME, SONS_NAME, PARTICIPANT_ID, EPISODE_ID, SEASON_ID)
VALUES ('100 kila', 'Az sam 6', 47, 8, 2);
INSERT INTO RATED_IN(PARTICIPANT_ID, EPISODE_ID, SEASON_ID, POINTS)
VALUES (47, 8, 2, 9);
--Ivo Tanev
INSERT INTO GENERATED_IMPRESSION(SINGER_NAME, SONS_NAME, PARTICIPANT_ID, EPISODE_ID, SEASON_ID)
VALUES ('Petya Bouiklieva', 'Jena na vsichki vremena', 49, 8, 2);
INSERT INTO RATED_IN(PARTICIPANT_ID, EPISODE_ID, SEASON_ID, POINTS)
VALUES (49, 8, 2, 4);
--Pavel Vladimirov
INSERT INTO GENERATED_IMPRESSION(SINGER_NAME, SONS_NAME, PARTICIPANT_ID, EPISODE_ID, SEASON_ID)
VALUES ('Michele Telo', 'Ai se eu te pego', 53, 8, 2);
INSERT INTO RATED_IN(PARTICIPANT_ID, EPISODE_ID, SEASON_ID, POINTS)
VALUES (53, 8, 2, 7);
--Neti
INSERT INTO GENERATED_IMPRESSION(SINGER_NAME, SONS_NAME, PARTICIPANT_ID, EPISODE_ID, SEASON_ID)
VALUES ('Barbra Streisand', 'Woman in love', 52, 8, 2);
INSERT INTO RATED_IN(PARTICIPANT_ID, EPISODE_ID, SEASON_ID, POINTS)
VALUES (52, 8, 2, 10);
--Maya
INSERT INTO GENERATED_IMPRESSION(SINGER_NAME, SONS_NAME, PARTICIPANT_ID, EPISODE_ID, SEASON_ID)
VALUES ('Britney Spears', 'Toxic', 51, 8, 2);
INSERT INTO RATED_IN(PARTICIPANT_ID, EPISODE_ID, SEASON_ID, POINTS)
VALUES (51, 8, 2, 5);
--Deyan
INSERT INTO GENERATED_IMPRESSION(SINGER_NAME, SONS_NAME, PARTICIPANT_ID, EPISODE_ID, SEASON_ID)
VALUES ('Depesh Mod', 'I feel you', 48, 8, 2);
INSERT INTO RATED_IN(PARTICIPANT_ID, EPISODE_ID, SEASON_ID, POINTS)
VALUES (48, 8, 2, 3);
--Stefania
INSERT INTO GENERATED_IMPRESSION(SINGER_NAME, SONS_NAME, PARTICIPANT_ID, EPISODE_ID, SEASON_ID)
VALUES ('Stenly', 'Obseben', 54, 8, 2);
INSERT INTO RATED_IN(PARTICIPANT_ID, EPISODE_ID, SEASON_ID, POINTS)
VALUES (54, 8, 2, 8);

-------------------------------------------S02 EO9
--Kuci Vapcarov
INSERT INTO GENERATED_IMPRESSION(SINGER_NAME, SONS_NAME, PARTICIPANT_ID, EPISODE_ID, SEASON_ID)
VALUES ('Cranberries', 'Zombie', 50, 9, 2);
INSERT INTO RATED_IN(PARTICIPANT_ID, EPISODE_ID, SEASON_ID, POINTS)
VALUES (50, 9,2, 8);
--Nevena Bozukova
INSERT INTO GENERATED_IMPRESSION(SINGER_NAME, SONS_NAME, PARTICIPANT_ID, EPISODE_ID, SEASON_ID)
VALUES ('Cher', 'If i could turn back time', 47, 9, 2);
INSERT INTO RATED_IN(PARTICIPANT_ID, EPISODE_ID, SEASON_ID, POINTS)
VALUES (47, 9, 2, 9);
--Ivo Tanev
INSERT INTO GENERATED_IMPRESSION(SINGER_NAME, SONS_NAME, PARTICIPANT_ID, EPISODE_ID, SEASON_ID)
VALUES ('Bruno Mars', 'Treasure', 49, 9, 2);
INSERT INTO RATED_IN(PARTICIPANT_ID, EPISODE_ID, SEASON_ID, POINTS)
VALUES (49, 9, 2, 4);
--Pavel Vladimirov
INSERT INTO GENERATED_IMPRESSION(SINGER_NAME, SONS_NAME, PARTICIPANT_ID, EPISODE_ID, SEASON_ID)
VALUES ('Tom Jones', 'Sex Bomb', 53, 9, 2);
INSERT INTO RATED_IN(PARTICIPANT_ID, EPISODE_ID, SEASON_ID, POINTS)
VALUES (53, 9, 2, 6);
--Neti
INSERT INTO GENERATED_IMPRESSION(SINGER_NAME, SONS_NAME, PARTICIPANT_ID, EPISODE_ID, SEASON_ID)
VALUES ('Morserat Cabbaie', 'Barcelona', 52, 9, 2);
INSERT INTO RATED_IN(PARTICIPANT_ID, EPISODE_ID, SEASON_ID, POINTS)
VALUES (52, 9, 2, 10);
--Maya
INSERT INTO GENERATED_IMPRESSION(SINGER_NAME, SONS_NAME, PARTICIPANT_ID, EPISODE_ID, SEASON_ID)
VALUES ('Lisa Stainsfield', 'All around the world', 51, 9, 2);
INSERT INTO RATED_IN(PARTICIPANT_ID, EPISODE_ID, SEASON_ID, POINTS)
VALUES (51, 9, 2, 3);
--Deyan
INSERT INTO GENERATED_IMPRESSION(SINGER_NAME, SONS_NAME, PARTICIPANT_ID, EPISODE_ID, SEASON_ID)
VALUES ('Amy Winehouse', 'Rehab', 48, 9, 2);
INSERT INTO RATED_IN(PARTICIPANT_ID, EPISODE_ID, SEASON_ID, POINTS)
VALUES (48, 9, 2, 5);
--Stefania
INSERT INTO GENERATED_IMPRESSION(SINGER_NAME, SONS_NAME, PARTICIPANT_ID, EPISODE_ID, SEASON_ID)
VALUES ('Kiss', 'I was made for loving you', 54, 9, 2);
INSERT INTO RATED_IN(PARTICIPANT_ID, EPISODE_ID, SEASON_ID, POINTS)
VALUES (54, 9, 2, 7);

-------------------------------------------S02 EO10
--Kuci Vapcarov
INSERT INTO GENERATED_IMPRESSION(SINGER_NAME, SONS_NAME, PARTICIPANT_ID, EPISODE_ID, SEASON_ID)
VALUES ('Jenifer Lopez', 'Aint it funny', 50, 10, 2);
INSERT INTO RATED_IN(PARTICIPANT_ID, EPISODE_ID, SEASON_ID, POINTS)
VALUES (50, 10, 2, 6);
--Nevena Bozukova
INSERT INTO GENERATED_IMPRESSION(SINGER_NAME, SONS_NAME, PARTICIPANT_ID, EPISODE_ID, SEASON_ID)
VALUES ('Silvia Kacarova', 'Obeshtai mi lubov', 47, 10, 2);
INSERT INTO RATED_IN(PARTICIPANT_ID, EPISODE_ID, SEASON_ID, POINTS)
VALUES (47, 10, 2, 10);
--Ivo Tanev
INSERT INTO GENERATED_IMPRESSION(SINGER_NAME, SONS_NAME, PARTICIPANT_ID, EPISODE_ID, SEASON_ID)
VALUES ('Allah Pogachova', 'Arlekino', 49, 10, 2);
INSERT INTO RATED_IN(PARTICIPANT_ID, EPISODE_ID, SEASON_ID, POINTS)
VALUES (49, 10, 2, 8);
--Pavel Vladimirov
INSERT INTO GENERATED_IMPRESSION(SINGER_NAME, SONS_NAME, PARTICIPANT_ID, EPISODE_ID, SEASON_ID)
VALUES ('Bogdana Karadocheva', 'Dano', 53, 10, 2);
INSERT INTO RATED_IN(PARTICIPANT_ID, EPISODE_ID, SEASON_ID, POINTS)
VALUES (53, 10, 2, 3);
--Neti
INSERT INTO GENERATED_IMPRESSION(SINGER_NAME, SONS_NAME, PARTICIPANT_ID, EPISODE_ID, SEASON_ID)
VALUES ('Axel Rose', 'Welcome to the jungle', 52, 10, 2);
INSERT INTO RATED_IN(PARTICIPANT_ID, EPISODE_ID, SEASON_ID, POINTS)
VALUES (52, 10, 2, 9);
--Maya
INSERT INTO GENERATED_IMPRESSION(SINGER_NAME, SONS_NAME, PARTICIPANT_ID, EPISODE_ID, SEASON_ID)
VALUES ('Pharell Williams', 'Get lucky', 51, 10, 2);
INSERT INTO RATED_IN(PARTICIPANT_ID, EPISODE_ID, SEASON_ID, POINTS)
VALUES (51, 10, 2, 5);
--Deyan
INSERT INTO GENERATED_IMPRESSION(SINGER_NAME, SONS_NAME, PARTICIPANT_ID, EPISODE_ID, SEASON_ID)
VALUES ('Dony & Momchil', 'Bliji si sladoleda', 48, 10, 2);
INSERT INTO RATED_IN(PARTICIPANT_ID, EPISODE_ID, SEASON_ID, POINTS)
VALUES (48, 10, 2, 4);
--Stefania
INSERT INTO GENERATED_IMPRESSION(SINGER_NAME, SONS_NAME, PARTICIPANT_ID, EPISODE_ID, SEASON_ID)
VALUES ('Israel Aesy', 'Somewhere over the rainbow', 54, 10, 2);
INSERT INTO RATED_IN(PARTICIPANT_ID, EPISODE_ID, SEASON_ID, POINTS)
VALUES (54, 10, 2, 7);


-------------------------------------------S02 E11
--Kuci Vapcarov
INSERT INTO GENERATED_IMPRESSION(SINGER_NAME, SONS_NAME, PARTICIPANT_ID, EPISODE_ID, SEASON_ID)
VALUES ('Kristina Dimitrova', 'Detski spomen', 50, 11, 2);
INSERT INTO RATED_IN(PARTICIPANT_ID, EPISODE_ID, SEASON_ID, POINTS)
VALUES (50, 11, 2, 8);
--Nevena Bozukova
INSERT INTO GENERATED_IMPRESSION(SINGER_NAME, SONS_NAME, PARTICIPANT_ID, EPISODE_ID, SEASON_ID)
VALUES ('Jenifer Lopez', 'Lets get loud', 47, 11, 2);
INSERT INTO RATED_IN(PARTICIPANT_ID, EPISODE_ID, SEASON_ID, POINTS)
VALUES (47, 11, 2, 7);
--Ivo Tanev
INSERT INTO GENERATED_IMPRESSION(SINGER_NAME, SONS_NAME, PARTICIPANT_ID, EPISODE_ID, SEASON_ID)
VALUES ('Elvis Presley', 'JailHouse rock', 49, 11, 2);
INSERT INTO RATED_IN(PARTICIPANT_ID, EPISODE_ID, SEASON_ID, POINTS)
VALUES (49, 11, 2, 6);
--Pavel Vladimirov
INSERT INTO GENERATED_IMPRESSION(SINGER_NAME, SONS_NAME, PARTICIPANT_ID, EPISODE_ID, SEASON_ID)
VALUES ('Signal', 'Sbogom', 53, 11, 2);
INSERT INTO RATED_IN(PARTICIPANT_ID, EPISODE_ID, SEASON_ID, POINTS)
VALUES (53, 11, 2, 4);
--Neti
INSERT INTO GENERATED_IMPRESSION(SINGER_NAME, SONS_NAME, PARTICIPANT_ID, EPISODE_ID, SEASON_ID)
VALUES ('Miley Cyrus', 'Wreking ball', 52, 11, 2);
INSERT INTO RATED_IN(PARTICIPANT_ID, EPISODE_ID, SEASON_ID, POINTS)
VALUES (52, 11, 2, 9);
--Maya
INSERT INTO GENERATED_IMPRESSION(SINGER_NAME, SONS_NAME, PARTICIPANT_ID, EPISODE_ID, SEASON_ID)
VALUES ('Konchita Wurst', 'Rise like a phoenix', 51, 11, 2);
INSERT INTO RATED_IN(PARTICIPANT_ID, EPISODE_ID, SEASON_ID, POINTS)
VALUES (51, 11, 2, 5);
--Deyan
INSERT INTO GENERATED_IMPRESSION(SINGER_NAME, SONS_NAME, PARTICIPANT_ID, EPISODE_ID, SEASON_ID)
VALUES ('Nirvana', 'Smells like teen spirit', 48, 11, 2);
INSERT INTO RATED_IN(PARTICIPANT_ID, EPISODE_ID, SEASON_ID, POINTS)
VALUES (48, 11, 2, 3);
--Stefania
INSERT INTO GENERATED_IMPRESSION(SINGER_NAME, SONS_NAME, PARTICIPANT_ID, EPISODE_ID, SEASON_ID)
VALUES ('Eurythmics', 'Sweet dreams', 54, 11, 2);
INSERT INTO RATED_IN(PARTICIPANT_ID, EPISODE_ID, SEASON_ID, POINTS)
VALUES (54, 11, 2, 10);

-------------------------------------------S02 E12
--Kuci Vapcarov
INSERT INTO GENERATED_IMPRESSION(SINGER_NAME, SONS_NAME, PARTICIPANT_ID, EPISODE_ID, SEASON_ID)
VALUES ('ACDC', 'Whole lotte rosie', 50, 12, 2);
INSERT INTO RATED_IN(PARTICIPANT_ID, EPISODE_ID, SEASON_ID, POINTS)
VALUES (50, 12, 2, 7);
--Nevena Bozukova
INSERT INTO GENERATED_IMPRESSION(SINGER_NAME, SONS_NAME, PARTICIPANT_ID, EPISODE_ID, SEASON_ID)
VALUES ('Twisted Sister', 'We are not gonna take it', 47, 12, 2);
INSERT INTO RATED_IN(PARTICIPANT_ID, EPISODE_ID, SEASON_ID, POINTS)
VALUES (47, 12, 2, 5);
--Ivo Tanev
INSERT INTO GENERATED_IMPRESSION(SINGER_NAME, SONS_NAME, PARTICIPANT_ID, EPISODE_ID, SEASON_ID)
VALUES ('Koceto Kalki', 'Vruh v okeana', 49, 12, 2);
INSERT INTO RATED_IN(PARTICIPANT_ID, EPISODE_ID, SEASON_ID, POINTS)
VALUES (49, 12, 2, 8);
--Pavel Vladimirov
INSERT INTO GENERATED_IMPRESSION(SINGER_NAME, SONS_NAME, PARTICIPANT_ID, EPISODE_ID, SEASON_ID)
VALUES ('Bon Jovi', 'Bet of roses', 53, 12, 2);
INSERT INTO RATED_IN(PARTICIPANT_ID, EPISODE_ID, SEASON_ID, POINTS)
VALUES (53, 12, 2, 6);
--Neti
INSERT INTO GENERATED_IMPRESSION(SINGER_NAME, SONS_NAME, PARTICIPANT_ID, EPISODE_ID, SEASON_ID)
VALUES ('Emil Dimitrov', 'Moq strana Moq Bulgaria', 52, 12, 2);
INSERT INTO RATED_IN(PARTICIPANT_ID, EPISODE_ID, SEASON_ID, POINTS)
VALUES (52, 12, 2, 4);
--Maya
INSERT INTO GENERATED_IMPRESSION(SINGER_NAME, SONS_NAME, PARTICIPANT_ID, EPISODE_ID, SEASON_ID)
VALUES ('Charlie Chaplin', 'Modern times', 51, 12, 2);
INSERT INTO RATED_IN(PARTICIPANT_ID, EPISODE_ID, SEASON_ID, POINTS)
VALUES (51, 12, 2, 10);
--Deyan
INSERT INTO GENERATED_IMPRESSION(SINGER_NAME, SONS_NAME, PARTICIPANT_ID, EPISODE_ID, SEASON_ID)
VALUES ('Ella Fitsgerald', 'Summertime', 48, 12, 2);
INSERT INTO RATED_IN(PARTICIPANT_ID, EPISODE_ID, SEASON_ID, POINTS)
VALUES (48, 12, 2, 3);
--Stefania
INSERT INTO GENERATED_IMPRESSION(SINGER_NAME, SONS_NAME, PARTICIPANT_ID, EPISODE_ID, SEASON_ID)
VALUES ('Phaerell Williams', 'Happy', 54, 12, 2);
INSERT INTO RATED_IN(PARTICIPANT_ID, EPISODE_ID, SEASON_ID, POINTS)
VALUES (54, 12, 2, 9);


-------------------------------------------S02 E13
--Kuci Vapcarov
INSERT INTO GENERATED_IMPRESSION(SINGER_NAME, SONS_NAME, PARTICIPANT_ID, EPISODE_ID, SEASON_ID)
VALUES ('Cherno more', 'Todor Kolev', 50, 13, 2);

--Nevena Bozukova
INSERT INTO GENERATED_IMPRESSION(SINGER_NAME, SONS_NAME, PARTICIPANT_ID, EPISODE_ID, SEASON_ID)
VALUES ('Alexandra Burk', 'Hallelujah', 47, 13, 2);

--Ivo Tanev
INSERT INTO GENERATED_IMPRESSION(SINGER_NAME, SONS_NAME, PARTICIPANT_ID, EPISODE_ID, SEASON_ID)
VALUES ('Elton John', 'Dont let the sun go down on me', 49, 13, 2);

--Pavel Vladimirov
INSERT INTO GENERATED_IMPRESSION(SINGER_NAME, SONS_NAME, PARTICIPANT_ID, EPISODE_ID, SEASON_ID)
VALUES ('Elton John', 'Dont let the sun go down on me', 53, 13, 2);
;
--Neti
INSERT INTO GENERATED_IMPRESSION(SINGER_NAME, SONS_NAME, PARTICIPANT_ID, EPISODE_ID, SEASON_ID)
VALUES ('Sara Brightman', 'Time to say goodbye', 52, 13, 2);

--Maya
INSERT INTO GENERATED_IMPRESSION(SINGER_NAME, SONS_NAME, PARTICIPANT_ID, EPISODE_ID, SEASON_ID)
VALUES ('Karizma', 'Minavash prez men', 51, 13, 2);

--Deyan
INSERT INTO GENERATED_IMPRESSION(SINGER_NAME, SONS_NAME, PARTICIPANT_ID, EPISODE_ID, SEASON_ID)
VALUES ('Karizma', 'Minavash prez men', 48, 13, 2);

--Stefania
INSERT INTO GENERATED_IMPRESSION(SINGER_NAME, SONS_NAME, PARTICIPANT_ID, EPISODE_ID, SEASON_ID)
VALUES ('Ico Hazarta', 'Hip-Hop', 54, 13, 2);

-------------------------------------------------
-- People over 40
CREATE VIEW PEOPLE_OVER_40
AS
    SELECT PERSON_ID, NAME, NICKNAME, GENDER, AGE, JOB
    FROM PEOPLE
    WHERE AGE > 40;

--Weekly winners
CREATE VIEW WEEKLY_WINNER
AS
    SELECT PARTICIPANT_ID,NAME,EPISODE_ID,SEASON_ID,POINTS
    FROM  RATED_IN , PEOPLE
    WHERE RATED_IN.PARTICIPANT_ID = PEOPLE.PERSON_ID
    AND RATED_IN.POINTS = 10;


CREATE TABLE SEASONS
(
    SEASON_ID  INT         NOT NULL GENERATED ALWAYS AS IDENTITY (START WITH 1, INCREMENT BY 1),
    TV_CHANEL  VARCHAR(30) NOT NULL,
    YEAR       INT         NOT NULL,
    EPISODES   INT         NOT NULL,
    START_DATE DATE        NOT NULL,
    FINAL_DATE DATE        NOT NULL,
    AWARD      VARCHAR(32) NOT NULL,
    WINNER_ID  INT         NOT NULL,

    CONSTRAINT PK_SEASON_ID PRIMARY KEY (SEASON_ID),

    FOREIGN KEY (WINNER_ID)
        REFERENCES PARTICIPANTS (PARTICIPANT_ID),

    CHECK (YEAR >= 2013),
    CHECK ( EPISODES >= 12 ),
    CHECK ( FINAL_DATE > START_DATE )
);